name,address,lat,lng,approx,memo
,大和郡山市 三橋町741 イオンモール大和郡山2F,34.65116,135.80229,,イオンモール大和郡山（下三橋町741の誤記とみられる。OpenStreetMap(Nominatim)）
町家茶屋古伊,橿原市 イマイチョウ4-6,34.506824,135.784796,,"店舗名で検索（OpenStreetMap(Nominatim): 町家茶屋古伊, 本町筋, 今井町一丁目）"
オークワ橿原坊城店,橿原市 字六反田242番地の1,34.492267,135.762347,,"店舗名で検索（OpenStreetMap(Nominatim): オークワ　橿原坊城店, 橿原高取線, 東坊城町）"
奈良カントリークラブ,五條市 今井町 奈良カントリークラブ,34.371179,135.703086,,"店舗名で検索（OpenStreetMap(Nominatim): 奈良カントリークラブ (Nara Country Club), 京奈和自動車道;五條道路, 近内町）"
東川酒店,御所市 121-1,34.46374,135.735897,,"店舗名で検索（OpenStreetMap(Nominatim): 東川酒店, 新地商店街, 東松本）"
,御所市 JR御所駅前通り101-1,34.4652,135.73385,1,御所の旧市街の通称町名とみられる。御所駅を仮の位置にした（要確認）
,御所市 御国通り 1丁目77番地,34.4652,135.73385,1,御所の旧市街の通称町名とみられる。御所駅を仮の位置にした（要確認）
,御所市 御国通り三丁目359-5,34.4652,135.73385,1,御所の旧市街の通称町名とみられる。御所駅を仮の位置にした（要確認）
御所宝湯,御所市 御国通り三丁目361-5,34.462496,135.734856,,"店舗名で検索（OpenStreetMap(Nominatim): 御所宝湯, 5, 御所市）"
理容トウヨー,御所市 大広町 170-28,34.463856,135.733212,,"店舗名で検索（OpenStreetMap(Nominatim): 理容トウヨー, 国道24号, 東松本）"
,御所市 大広町 193-1 津田商業ビル1階,34.4652,135.73385,1,御所の旧市街の通称町名とみられる。御所駅を仮の位置にした（要確認）
,御所市 大広町 198-1,34.4652,135.73385,1,御所の旧市街の通称町名とみられる。御所駅を仮の位置にした（要確認）
,御所市 中央通り 二丁目1168,34.4652,135.73385,1,御所の旧市街の通称町名とみられる。御所駅を仮の位置にした（要確認）
,御所市 中央通り2-1129,34.4652,135.73385,1,御所の旧市街の通称町名とみられる。御所駅を仮の位置にした（要確認）
,御所市 末広町 170,34.4652,135.73385,1,御所の旧市街の通称町名とみられる。御所駅を仮の位置にした（要確認）
,香芝市 真美ケ丘 6-10 エコール・マミ南館2F,34.54501,135.72438,,エコール・マミ（OpenStreetMap(Nominatim)で施設を確認）
,香芝市 真美ケ丘 6丁目10 エコールマミ 南館2階,34.54501,135.72438,,エコール・マミ（OpenStreetMap(Nominatim)で施設を確認）
,香芝市 真美ヶ丘6-10,34.54501,135.72438,,エコール・マミ（OpenStreetMap(Nominatim)で施設を確認）
,香芝市 真美ヶ丘6丁目10番地エコールマミ南館2階,34.54501,135.72438,,エコール・マミ（OpenStreetMap(Nominatim)で施設を確認）
,磯城郡 田原本町戎通2-189 大西ビル2F,34.55346,135.79073,1,田原本の旧市街の通称町名とみられる。田原本駅を仮の位置にした（要確認）
,磯城郡田原本町 旭町 398-1,34.55346,135.79073,1,田原本の旧市街の通称町名とみられる。田原本駅を仮の位置にした（要確認）
,磯城郡田原本町 魚町 705,34.55346,135.79073,1,田原本の旧市街の通称町名とみられる。田原本駅を仮の位置にした（要確認）
,磯城郡田原本町 幸町 162-2,34.55346,135.79073,1,田原本の旧市街の通称町名とみられる。田原本駅を仮の位置にした（要確認）
,磯城郡田原本町 幸町139-1,34.55346,135.79073,1,田原本の旧市街の通称町名とみられる。田原本駅を仮の位置にした（要確認）
,磯城郡田原本町 幸町141-2,34.55346,135.79073,1,田原本の旧市街の通称町名とみられる。田原本駅を仮の位置にした（要確認）
,磯城郡田原本町 室町 209-3,34.55346,135.79073,1,田原本の旧市街の通称町名とみられる。田原本駅を仮の位置にした（要確認）
,磯城郡田原本町 戎通 174-1,34.55346,135.79073,1,田原本の旧市街の通称町名とみられる。田原本駅を仮の位置にした（要確認）
,磯城郡田原本町 戎通 1丁目,34.55346,135.79073,1,田原本の旧市街の通称町名とみられる。田原本駅を仮の位置にした（要確認）
,磯城郡田原本町 戎通 2丁目193,34.55346,135.79073,1,田原本の旧市街の通称町名とみられる。田原本駅を仮の位置にした（要確認）
,磯城郡田原本町 戎通2-179-2,34.55346,135.79073,1,田原本の旧市街の通称町名とみられる。田原本駅を仮の位置にした（要確認）
,磯城郡田原本町 戎通2丁目189-2 1F,34.55346,135.79073,1,田原本の旧市街の通称町名とみられる。田原本駅を仮の位置にした（要確認）
,磯城郡田原本町 戎通3丁目174-8,34.55346,135.79073,1,田原本の旧市街の通称町名とみられる。田原本駅を仮の位置にした（要確認）
,磯城郡田原本町 戎通おり 1-221-3,34.55346,135.79073,1,田原本の旧市街の通称町名とみられる。田原本駅を仮の位置にした（要確認）
,磯城郡田原本町 戎通り 3丁目175-17,34.55346,135.79073,1,田原本の旧市街の通称町名とみられる。田原本駅を仮の位置にした（要確認）
,磯城郡田原本町 殿町201-1,34.55346,135.79073,1,田原本の旧市街の通称町名とみられる。田原本駅を仮の位置にした（要確認）
,磯城郡田原本町 南町414-1 Y・カーサ1階,34.55346,135.79073,1,田原本の旧市街の通称町名とみられる。田原本駅を仮の位置にした（要確認）
,磯城郡田原本町旭町 236-7,34.55346,135.79073,1,田原本の旧市街の通称町名とみられる。田原本駅を仮の位置にした（要確認）
なか井や 2号店,北葛城郡王寺町 九度2-3-1,34.59787,135.702749,,"店舗名で検索（OpenStreetMap(Nominatim): なか井や 2号店, 王寺停車場線, 久度三丁目）"
